longitude,latitude,los_displacement_cm,coherence,distance_to_fault_km
36.05000,36.95000,-0.351,0.814,-58.608
36.11500,36.95000,-0.734,0.845,-52.888
36.18000,36.95000,-1.781,0.768,-47.168
36.24500,36.95000,-3.340,0.811,-41.448
36.31000,36.95000,-7.243,0.824,-35.728
36.37500,36.95000,-10.694,0.861,-30.008
36.44000,36.95000,-13.074,0.823,-24.288
36.50500,36.95000,-13.892,0.779,-18.568
36.57000,36.95000,-6.727,0.831,-12.848
36.63500,36.95000,4.153,0.708,-7.128
36.70000,36.95000,18.027,0.593,-1.408
36.76500,36.95000,28.677,0.688,4.312
36.83000,36.95000,36.568,0.746,10.032
36.89500,36.95000,36.472,0.814,15.752
36.96000,36.95000,32.273,0.779,21.472
37.02500,36.95000,24.620,0.767,27.192
37.09000,36.95000,13.339,0.799,32.912
37.15500,36.95000,8.743,0.851,38.632
37.22000,36.95000,5.953,0.777,44.352
37.28500,36.95000,3.427,0.785,50.072
37.35000,36.95000,0.969,0.810,55.792
37.41500,36.95000,0.531,0.849,61.512
37.48000,36.95000,0.840,0.832,67.232
37.54500,36.95000,0.757,0.837,72.952
36.05000,37.00500,-0.837,0.795,-60.157
36.11500,37.00500,-1.008,0.837,-54.437
36.18000,37.00500,-1.654,0.902,-48.717
36.24500,37.00500,-4.167,0.782,-42.997
36.31000,37.00500,-5.638,0.870,-37.277
36.37500,37.00500,-10.132,0.849,-31.557
36.44000,37.00500,-12.766,0.816,-25.837
36.50500,37.00500,-16.423,0.798,-20.117
36.57000,37.00500,-8.892,0.747,-14.397
36.63500,37.00500,0.821,0.744,-8.677
36.70000,37.00500,14.596,0.680,-2.957
36.76500,37.00500,29.016,0.734,2.763
36.83000,37.00500,37.862,0.711,8.483
36.89500,37.00500,38.820,0.767,14.203
36.96000,37.00500,36.745,0.797,19.923
37.02500,37.00500,28.145,0.846,25.643
37.09000,37.00500,18.913,0.810,31.363
37.15500,37.00500,10.201,0.782,37.083
37.22000,37.00500,6.131,0.835,42.803
37.28500,37.00500,4.642,0.819,48.523
37.35000,37.00500,1.751,0.826,54.243
37.41500,37.00500,1.768,0.851,59.963
37.48000,37.00500,0.502,0.785,65.683
37.54500,37.00500,1.057,0.833,71.403
36.05000,37.06000,1.238,0.819,-61.706
36.11500,37.06000,1.759,0.807,-55.986
36.18000,37.06000,0.607,0.824,-50.266
36.24500,37.06000,-3.409,0.781,-44.546
36.31000,37.06000,-6.086,0.870,-38.826
36.37500,37.06000,-9.379,0.844,-33.106
36.44000,37.06000,-17.235,0.845,-27.386
36.50500,37.06000,-15.781,0.799,-21.666
36.57000,37.06000,-13.519,0.806,-15.946
36.63500,37.06000,-0.915,0.720,-10.226
36.70000,37.06000,11.402,0.721,-4.506
36.76500,37.06000,26.573,0.630,1.214
36.83000,37.06000,38.348,0.665,6.934
36.89500,37.06000,42.881,0.741,12.654
36.96000,37.06000,41.141,0.814,18.374
37.02500,37.06000,35.404,0.829,24.094
37.09000,37.06000,25.240,0.774,29.814
37.15500,37.06000,15.066,0.831,35.534
37.22000,37.06000,10.585,0.761,41.254
37.28500,37.06000,5.493,0.841,46.974
37.35000,37.06000,3.684,0.845,52.694
37.41500,37.06000,0.865,0.802,58.414
37.48000,37.06000,-1.081,0.827,64.134
37.54500,37.06000,-0.117,0.891,69.854
36.05000,37.11500,-0.755,0.831,-63.254
36.11500,37.11500,-2.029,0.806,-57.534
36.18000,37.11500,-0.647,0.849,-51.814
36.24500,37.11500,-0.836,0.818,-46.094
36.31000,37.11500,-6.538,0.836,-40.374
36.37500,37.11500,-9.126,0.837,-34.654
36.44000,37.11500,-15.363,0.860,-28.934
36.50500,37.11500,-17.466,0.844,-23.214
36.57000,37.11500,-14.112,0.833,-17.494
36.63500,37.11500,-6.258,0.850,-11.774
36.70000,37.11500,8.487,0.685,-6.054
36.76500,37.11500,25.035,0.692,-0.334
36.83000,37.11500,38.630,0.703,5.386
36.89500,37.11500,46.647,0.750,11.106
36.96000,37.11500,42.630,0.820,16.826
37.02500,37.11500,38.060,0.798,22.546
37.09000,37.11500,29.169,0.841,28.266
37.15500,37.11500,17.556,0.838,33.986
37.22000,37.11500,10.754,0.768,39.706
37.28500,37.11500,6.249,0.818,45.426
37.35000,37.11500,1.869,0.838,51.146
37.41500,37.11500,1.659,0.800,56.866
37.48000,37.11500,0.858,0.856,62.586
37.54500,37.11500,-0.645,0.833,68.306
36.05000,37.17000,-0.058,0.899,-64.803
36.11500,37.17000,-2.280,0.844,-59.083
36.18000,37.17000,-1.084,0.816,-53.363
36.24500,37.17000,0.058,0.820,-47.643
36.31000,37.17000,-2.196,0.805,-41.923
36.37500,37.17000,-8.559,0.803,-36.203
36.44000,37.17000,-14.975,0.822,-30.483
36.50500,37.17000,-18.577,0.827,-24.763
36.57000,37.17000,-20.137,0.885,-19.043
36.63500,37.17000,-10.501,0.850,-13.323
36.70000,37.17000,2.967,0.729,-7.603
36.76500,37.17000,25.337,0.616,-1.883
36.83000,37.17000,36.081,0.646,3.837
36.89500,37.17000,47.708,0.772,9.557
36.96000,37.17000,49.873,0.794,15.277
37.02500,37.17000,40.942,0.803,20.997
37.09000,37.17000,34.327,0.836,26.717
37.15500,37.17000,20.354,0.819,32.437
37.22000,37.17000,15.198,0.894,38.157
37.28500,37.17000,8.005,0.831,43.877
37.35000,37.17000,2.198,0.790,49.597
37.41500,37.17000,1.585,0.838,55.317
37.48000,37.17000,1.227,0.803,61.037
37.54500,37.17000,-1.065,0.793,66.757
36.05000,37.22500,-1.316,0.843,-66.352
36.11500,37.22500,-2.717,0.808,-60.632
36.18000,37.22500,-0.089,0.873,-54.912
36.24500,37.22500,-1.586,0.855,-49.192
36.31000,37.22500,-4.437,0.794,-43.472
36.37500,37.22500,-8.797,0.873,-37.752
36.44000,37.22500,-12.401,0.837,-32.032
36.50500,37.22500,-14.772,0.819,-26.312
36.57000,37.22500,-18.910,0.828,-20.592
36.63500,37.22500,-14.068,0.881,-14.872
36.70000,37.22500,1.282,0.693,-9.152
36.76500,37.22500,17.500,0.675,-3.432
36.83000,37.22500,36.646,0.602,2.288
36.89500,37.22500,45.445,0.658,8.008
36.96000,37.22500,51.522,0.789,13.728
37.02500,37.22500,47.653,0.789,19.448
37.09000,37.22500,36.429,0.749,25.168
37.15500,37.22500,27.009,0.833,30.888
37.22000,37.22500,17.784,0.848,36.608
37.28500,37.22500,9.101,0.867,42.328
37.35000,37.22500,4.482,0.797,48.048
37.41500,37.22500,1.483,0.800,53.768
37.48000,37.22500,-1.568,0.825,59.488
37.54500,37.22500,0.563,0.807,65.208
36.05000,37.28000,-0.815,0.833,-67.901
36.11500,37.28000,1.762,0.821,-62.181
36.18000,37.28000,-1.004,0.799,-56.461
36.24500,37.28000,-1.405,0.776,-50.741
36.31000,37.28000,-3.482,0.822,-45.021
36.37500,37.28000,-5.042,0.853,-39.301
36.44000,37.28000,-11.332,0.795,-33.581
36.50500,37.28000,-17.318,0.780,-27.861
36.57000,37.28000,-20.358,0.833,-22.141
36.63500,37.28000,-17.706,0.878,-16.421
36.70000,37.28000,-4.252,0.696,-10.701
36.76500,37.28000,13.933,0.665,-4.981
36.83000,37.28000,32.660,0.657,0.739
36.89500,37.28000,47.780,0.630,6.459
36.96000,37.28000,52.384,0.806,12.179
37.02500,37.28000,52.620,0.879,17.899
37.09000,37.28000,44.365,0.747,23.619
37.15500,37.28000,31.745,0.753,29.339
37.22000,37.28000,21.755,0.829,35.059
37.28500,37.28000,10.244,0.890,40.779
37.35000,37.28000,6.608,0.754,46.499
37.41500,37.28000,3.024,0.794,52.219
37.48000,37.28000,1.226,0.804,57.939
37.54500,37.28000,1.913,0.770,63.659
36.05000,37.33500,0.329,0.883,-69.450
36.11500,37.33500,-0.999,0.827,-63.730
36.18000,37.33500,-0.109,0.796,-58.010
36.24500,37.33500,-0.321,0.823,-52.290
36.31000,37.33500,-3.764,0.882,-46.570
36.37500,37.33500,-5.175,0.814,-40.850
36.44000,37.33500,-11.910,0.793,-35.130
36.50500,37.33500,-15.806,0.815,-29.410
36.57000,37.33500,-20.577,0.813,-23.690
36.63500,37.33500,-18.557,0.809,-17.970
36.70000,37.33500,-8.303,0.773,-12.250
36.76500,37.33500,9.180,0.726,-6.530
36.83000,37.33500,28.330,0.611,-0.810
36.89500,37.33500,44.341,0.653,4.910
36.96000,37.33500,53.307,0.792,10.630
37.02500,37.33500,54.092,0.863,16.350
37.09000,37.33500,49.001,0.819,22.070
37.15500,37.33500,33.349,0.807,27.790
37.22000,37.33500,23.320,0.768,33.510
37.28500,37.33500,13.622,0.830,39.230
37.35000,37.33500,6.850,0.793,44.950
37.41500,37.33500,2.638,0.883,50.670
37.48000,37.33500,1.287,0.791,56.390
37.54500,37.33500,0.140,0.853,62.110
36.05000,37.39000,-0.767,0.837,-70.998
36.11500,37.39000,0.739,0.846,-65.278
36.18000,37.39000,1.300,0.801,-59.558
36.24500,37.39000,0.462,0.792,-53.838
36.31000,37.39000,-2.600,0.862,-48.118
36.37500,37.39000,-4.127,0.820,-42.398
36.44000,37.39000,-11.112,0.840,-36.678
36.50500,37.39000,-16.527,0.788,-30.958
36.57000,37.39000,-21.451,0.828,-25.238
36.63500,37.39000,-23.131,0.829,-19.518
36.70000,37.39000,-12.707,0.773,-13.798
36.76500,37.39000,4.223,0.748,-8.078
36.83000,37.39000,22.739,0.626,-2.358
36.89500,37.39000,42.811,0.606,3.362
36.96000,37.39000,53.290,0.719,9.082
37.02500,37.39000,55.959,0.807,14.802
37.09000,37.39000,49.872,0.857,20.522
37.15500,37.39000,39.123,0.809,26.242
37.22000,37.39000,25.475,0.845,31.962
37.28500,37.39000,17.009,0.871,37.682
37.35000,37.39000,8.146,0.821,43.402
37.41500,37.39000,4.302,0.817,49.122
37.48000,37.39000,1.909,0.760,54.842
37.54500,37.39000,1.643,0.843,60.562
36.05000,37.44500,1.235,0.899,-72.547
36.11500,37.44500,-0.393,0.819,-66.827
36.18000,37.44500,-0.158,0.888,-61.107
36.24500,37.44500,-2.483,0.837,-55.387
36.31000,37.44500,-3.290,0.730,-49.667
36.37500,37.44500,-6.298,0.772,-43.947
36.44000,37.44500,-7.160,0.790,-38.227
36.50500,37.44500,-14.437,0.779,-32.507
36.57000,37.44500,-19.064,0.781,-26.787
36.63500,37.44500,-20.038,0.783,-21.067
36.70000,37.44500,-16.754,0.807,-15.347
36.76500,37.44500,-1.867,0.799,-9.627
36.83000,37.44500,17.948,0.623,-3.907
36.89500,37.44500,36.918,0.626,1.813
36.96000,37.44500,52.237,0.731,7.533
37.02500,37.44500,56.103,0.819,13.253
37.09000,37.44500,51.570,0.810,18.973
37.15500,37.44500,42.324,0.873,24.693
37.22000,37.44500,29.908,0.808,30.413
37.28500,37.44500,17.836,0.844,36.133
37.35000,37.44500,10.047,0.832,41.853
37.41500,37.44500,3.278,0.857,47.573
37.48000,37.44500,0.941,0.793,53.293
37.54500,37.44500,2.127,0.773,59.013
36.05000,37.50000,-0.093,0.823,-74.096
36.11500,37.50000,-1.126,0.867,-68.376
36.18000,37.50000,1.532,0.751,-62.656
36.24500,37.50000,-2.010,0.848,-56.936
36.31000,37.50000,-2.692,0.806,-51.216
36.37500,37.50000,-3.071,0.844,-45.496
36.44000,37.50000,-7.142,0.823,-39.776
36.50500,37.50000,-13.206,0.865,-34.056
36.57000,37.50000,-18.741,0.832,-28.336
36.63500,37.50000,-21.887,0.823,-22.616
36.70000,37.50000,-18.216,0.804,-16.896
36.76500,37.50000,-7.466,0.796,-11.176
36.83000,37.50000,13.604,0.695,-5.456
36.89500,37.50000,32.925,0.669,0.264
36.96000,37.50000,48.873,0.705,5.984
37.02500,37.50000,55.370,0.804,11.704
37.09000,37.50000,53.353,0.777,17.424
37.15500,37.50000,44.628,0.753,23.144
37.22000,37.50000,32.845,0.834,28.864
37.28500,37.50000,22.812,0.825,34.584
37.35000,37.50000,13.486,0.820,40.304
37.41500,37.50000,5.331,0.771,46.024
37.48000,37.50000,1.917,0.772,51.744
37.54500,37.50000,1.928,0.813,57.464
36.05000,37.55500,0.624,0.823,-75.645
36.11500,37.55500,1.131,0.857,-69.925
36.18000,37.55500,-0.788,0.810,-64.205
36.24500,37.55500,-0.878,0.763,-58.485
36.31000,37.55500,-0.180,0.862,-52.765
36.37500,37.55500,-2.475,0.803,-47.045
36.44000,37.55500,-4.354,0.738,-41.325
36.50500,37.55500,-10.261,0.825,-35.605
36.57000,37.55500,-16.904,0.869,-29.885
36.63500,37.55500,-19.335,0.810,-24.165
36.70000,37.55500,-19.289,0.800,-18.445
36.76500,37.55500,-10.605,0.739,-12.725
36.83000,37.55500,7.987,0.746,-7.005
36.89500,37.55500,27.030,0.605,-1.285
36.96000,37.55500,45.408,0.741,4.435
37.02500,37.55500,52.854,0.724,10.155
37.09000,37.55500,52.171,0.820,15.875
37.15500,37.55500,45.139,0.817,21.595
37.22000,37.55500,36.349,0.767,27.315
37.28500,37.55500,25.909,0.875,33.035
37.35000,37.55500,12.851,0.771,38.755
37.41500,37.55500,7.282,0.784,44.475
37.48000,37.55500,3.329,0.730,50.195
37.54500,37.55500,1.288,0.883,55.915
36.05000,37.61000,-1.230,0.810,-77.194
36.11500,37.61000,-1.650,0.842,-71.474
36.18000,37.61000,-0.299,0.888,-65.754
36.24500,37.61000,0.029,0.807,-60.034
36.31000,37.61000,-0.054,0.802,-54.314
36.37500,37.61000,-3.320,0.831,-48.594
36.44000,37.61000,-4.549,0.826,-42.874
36.50500,37.61000,-8.202,0.802,-37.154
36.57000,37.61000,-13.680,0.881,-31.434
36.63500,37.61000,-20.096,0.881,-25.714
36.70000,37.61000,-19.704,0.790,-19.994
36.76500,37.61000,-10.143,0.802,-14.274
36.83000,37.61000,2.906,0.762,-8.554
36.89500,37.61000,18.167,0.658,-2.834
36.96000,37.61000,36.979,0.607,2.886
37.02500,37.61000,46.987,0.738,8.606
37.09000,37.61000,52.359,0.811,14.326
37.15500,37.61000,46.324,0.789,20.046
37.22000,37.61000,35.702,0.800,25.766
37.28500,37.61000,24.488,0.813,31.486
37.35000,37.61000,15.831,0.789,37.206
37.41500,37.61000,8.484,0.793,42.926
37.48000,37.61000,4.291,0.838,48.646
37.54500,37.61000,2.080,0.837,54.366
36.05000,37.66500,-1.818,0.807,-78.742
36.11500,37.66500,0.298,0.842,-73.022
36.18000,37.66500,-1.790,0.826,-67.302
36.24500,37.66500,1.194,0.814,-61.582
36.31000,37.66500,-0.564,0.836,-55.862
36.37500,37.66500,-1.076,0.844,-50.142
36.44000,37.66500,-3.253,0.825,-44.422
36.50500,37.66500,-7.778,0.814,-38.702
36.57000,37.66500,-10.582,0.813,-32.982
36.63500,37.66500,-17.123,0.803,-27.262
36.70000,37.66500,-18.011,0.788,-21.542
36.76500,37.66500,-13.611,0.772,-15.822
36.83000,37.66500,-4.083,0.762,-10.102
36.89500,37.66500,14.216,0.682,-4.382
36.96000,37.66500,32.700,0.629,1.338
37.02500,37.66500,44.754,0.679,7.058
37.09000,37.66500,50.541,0.807,12.778
37.15500,37.66500,46.745,0.821,18.498
37.22000,37.66500,36.825,0.808,24.218
37.28500,37.66500,27.680,0.819,29.938
37.35000,37.66500,17.464,0.772,35.658
37.41500,37.66500,10.052,0.796,41.378
37.48000,37.66500,3.804,0.815,47.098
37.54500,37.66500,0.217,0.844,52.818
36.05000,37.72000,0.937,0.818,-80.291
36.11500,37.72000,-1.097,0.787,-74.571
36.18000,37.72000,-0.186,0.735,-68.851
36.24500,37.72000,0.112,0.843,-63.131
36.31000,37.72000,-0.656,0.803,-57.411
36.37500,37.72000,-0.761,0.832,-51.691
36.44000,37.72000,-1.287,0.821,-45.971
36.50500,37.72000,-6.181,0.804,-40.251
36.57000,37.72000,-9.662,0.874,-34.531
36.63500,37.72000,-15.132,0.783,-28.811
36.70000,37.72000,-18.649,0.746,-23.091
36.76500,37.72000,-15.129,0.764,-17.371
36.83000,37.72000,-7.703,0.705,-11.651
36.89500,37.72000,7.400,0.713,-5.931
36.96000,37.72000,23.969,0.579,-0.211
37.02500,37.72000,39.163,0.675,5.509
37.09000,37.72000,46.151,0.795,11.229
37.15500,37.72000,44.705,0.764,16.949
37.22000,37.72000,37.718,0.836,22.669
37.28500,37.72000,27.528,0.770,28.389
37.35000,37.72000,19.789,0.805,34.109
37.41500,37.72000,10.448,0.821,39.829
37.48000,37.72000,6.833,0.829,45.549
37.54500,37.72000,2.292,0.844,51.269
36.05000,37.77500,2.361,0.869,-81.840
36.11500,37.77500,0.738,0.781,-76.120
36.18000,37.77500,4.115,0.778,-70.400
36.24500,37.77500,-0.464,0.796,-64.680
36.31000,37.77500,1.580,0.835,-58.960
36.37500,37.77500,-2.242,0.829,-53.240
36.44000,37.77500,-1.220,0.809,-47.520
36.50500,37.77500,-5.502,0.795,-41.800
36.57000,37.77500,-8.433,0.821,-36.080
36.63500,37.77500,-13.156,0.846,-30.360
36.70000,37.77500,-17.133,0.759,-24.640
36.76500,37.77500,-16.396,0.862,-18.920
36.83000,37.77500,-9.479,0.870,-13.200
36.89500,37.77500,4.440,0.676,-7.480
36.96000,37.77500,18.614,0.654,-1.760
37.02500,37.77500,32.090,0.749,3.960
37.09000,37.77500,40.459,0.773,9.680
37.15500,37.77500,44.115,0.799,15.400
37.22000,37.77500,36.256,0.808,21.120
37.28500,37.77500,29.152,0.851,26.840
37.35000,37.77500,19.644,0.771,32.560
37.41500,37.77500,11.902,0.796,38.280
37.48000,37.77500,3.993,0.796,44.000
37.54500,37.77500,1.501,0.841,49.720
36.05000,37.83000,2.138,0.885,-83.389
36.11500,37.83000,-0.632,0.804,-77.669
36.18000,37.83000,0.750,0.857,-71.949
36.24500,37.83000,-0.495,0.815,-66.229
36.31000,37.83000,2.290,0.816,-60.509
36.37500,37.83000,-0.995,0.824,-54.789
36.44000,37.83000,-0.672,0.784,-49.069
36.50500,37.83000,-3.408,0.779,-43.349
36.57000,37.83000,-6.599,0.886,-37.629
36.63500,37.83000,-9.681,0.817,-31.909
36.70000,37.83000,-15.299,0.809,-26.189
36.76500,37.83000,-13.916,0.798,-20.469
36.83000,37.83000,-8.898,0.751,-14.749
36.89500,37.83000,-0.331,0.801,-9.029
36.96000,37.83000,11.938,0.700,-3.309
37.02500,37.83000,25.812,0.647,2.411
37.09000,37.83000,36.892,0.756,8.131
37.15500,37.83000,36.299,0.726,13.851
37.22000,37.83000,35.697,0.817,19.571
37.28500,37.83000,27.960,0.812,25.291
37.35000,37.83000,19.058,0.806,31.011
37.41500,37.83000,11.792,0.829,36.731
37.48000,37.83000,7.719,0.870,42.451
37.54500,37.83000,2.791,0.809,48.171
36.05000,37.88500,0.052,0.810,-84.938
36.11500,37.88500,-0.058,0.765,-79.218
36.18000,37.88500,0.405,0.788,-73.498
36.24500,37.88500,-1.074,0.764,-67.778
36.31000,37.88500,1.188,0.815,-62.058
36.37500,37.88500,0.952,0.830,-56.338
36.44000,37.88500,-2.803,0.782,-50.618
36.50500,37.88500,-1.497,0.793,-44.898
36.57000,37.88500,-6.109,0.814,-39.178
36.63500,37.88500,-8.818,0.785,-33.458
36.70000,37.88500,-12.788,0.803,-27.738
36.76500,37.88500,-17.018,0.836,-22.018
36.83000,37.88500,-12.318,0.853,-16.298
36.89500,37.88500,-4.370,0.706,-10.578
36.96000,37.88500,10.720,0.622,-4.858
37.02500,37.88500,21.920,0.662,0.862
37.09000,37.88500,32.210,0.645,6.582
37.15500,37.88500,36.962,0.774,12.302
37.22000,37.88500,36.361,0.834,18.022
37.28500,37.88500,32.192,0.762,23.742
37.35000,37.88500,20.956,0.783,29.462
37.41500,37.88500,14.802,0.849,35.182
37.48000,37.88500,8.598,0.793,40.902
37.54500,37.88500,3.157,0.749,46.622
